,question,answer,category
0,چطور آدرس خود را در حساب کاربری ثبت کنم؟,پس از تکمیل اطلاعات کاربری خود به قسمت نشانی ها مراجعه نمایید.,ورود و ثبت نام
1,چگونه یک کلمه عبور امن ایجاد کنیم ؟,یکی از راه‌هایی که از نفوذ هکرها و مجرمان سایبری به حساب‌های کاربری و حریم شخصی شما جلوگیری می‌کند، ساخت و استفاده از یک گذرواژه قوی و غیرقابل حدس است.,ورود و ثبت نام
2,من دو حساب کاربری در دیجی‌کالا دارم، آیا می‌توانم آنها را ادغام کنم؟,بله، شما می‌توانید حساب‌های کاربری خود را در دیجی‌کالا ادغام کنید. ,ورود و ثبت نام
3,به چه حساب کاربری جدید گفته می شود؟,مالک آن مشتری جدید دیجی کالا باشد و حساب کاربری دیگری نداشته باشد. اولین خرید خود را ثبت نکرده باشد.,ورود و ثبت نام
4,چطور میتوانم با حساب کاربری خود برای شرکت یا ارگان حقوقی خرید کنم ؟,ورود به پروفایل ویرایش اطلاعات شخصی ایجاد اطلاعات حقوقی,ورود و ثبت نام
5,چطور میتوانم شماره کارت خود را در حساب کاربری وارد کنم؟,شما میتوانید وارد حساب کاربری خود شده و شماره کارت خود را وارد نمایید.,ورود و ثبت نام
6,چطور میتوانم مشخصات کاربری و ایمیل خود را ویرایش کنم؟,"با وارد کردن ایمیل (یا شماره ی همراه ) وارد حساب کاربری خود شوید. روی گزینه ""پروفایل "" کلیک کرده و در صفحه‏"" اطلاعات شخصی"" روی “ویرایش اطلاعات شخصی "" کلیک کنید.",ورود و ثبت نام
7,رمز عبور خود را فراموش کردم، چطور میتوانم از طریق نسخه وب رمز خود را بازیابی کنم؟,لطفا به قسمت توضیحات تکمیلی وارد شوید.,ورود و ثبت نام
8,می‏‌توانم سفارشم را تلفنی ثبت کنم؟, خیر، امکان ثبت سفارش بصورت تلفنی امکان پذیر نیس.,روند ثبت سفارش
9,چطور آدرس خود را در حساب کاربری ثبت کنم؟,پس از تکمیل اطلاعات کاربری خود به قسمت نشانی ها مراجعه نمایید.,روند ثبت سفارش
10,ارسال سفارشات حجیم و سنگین به روش باربری چگونه است؟,لوازم خانگی سنگین و کالاهای حجیم یا بزرگ، به صورت پس‌کرایه (پرداخت هزینه باربری هنگام تحویل کالا) ارسال خواهد شد,روند ثبت سفارش
11,چطور میتوانم برای خرید کارت هدیه فاکتور دریافت کنم؟,امکان صدور فاکتور برای کارت هدیه میسر نیست.,روند ثبت سفارش
12,موتور سیکلت با پلاک ارسال میشود؟ پلاک به نام چه شخصی هست؟,موتورسیکلت پلاک شده هست . پلاک مستیقم به نام مشتری میشود . از لحظه تحویل موتورسیکلت موتور قابل استفاده می باشد.,روند ثبت سفارش
13,آیا موتور شامل ضمانت 7 روز بازگشت دیجی کالا میشود؟,خیر با توجه به ماهیت کالا شامل 7 روز ضمانت بازگشت نمی باشد و خدمات بعدی توسط گارانتی ارائه خواهد شد.,روند ثبت سفارش
14,برای سند زدن موتور سیکلت چه مدارکی لازم هست؟,کپی برابر اصل شناسنامه و کارت ملی - قبض برق یا گاز منزل مسکونی دارای کدپستی درتهران - اصل بیمه نامه شخص ثالث,روند ثبت سفارش
15,بعد از اینکه سفارشم ثبت نهایی شد ، چه زمانی میتوانم آن را تحویل بگیرم؟,در صورتی که دریکی از شهرهای اکسپرس هستید ، طی ثبت سفارش ، ما به شما امکان انتخاب بازه های زمانی را میدهیم و طبق بازه زمانی انتخابی کالا تحویل شما میشود.در غیر اینصورت سفارش شما از طریق پست و باربری طی 4 روز کاری تحویل شما میشود.,روند ثبت سفارش
16,میتوانم بعد از فاکتور شدن سفارش درخواست تغییر در مندرجات فاکتور را بدهم ؟,خیر. بعد از صادر شدن فاکتور امکان هیچ تغییری وجود ندارد.,روند ثبت سفارش
17,از چه روشهایی میتوانم سفارش خود را پرداخت کنم ؟,به دو صورت پرداخت در محل (کارتخوان سیار) و پرداخت آنلاین میتوانید سفارش خود را پرداخت نمایید.,روند ثبت سفارش
18,تا زمان آماده شدن سند موتور سیکلت آیا امکان تردد با موتور هست؟,بله . برگه تردد برای مشتری صادر میشه تا سند و کارت موتورشون حاضر شود .,روند ثبت سفارش
19,چطور میتوانم پس از ثبت سفارش زمان ارسال را ویرایش کنم؟,شما میتوانید با مراجعه به پروفایل، بازه تحویل سفارش خود را تغییر دهید.,پیگیری ارسال سفارش
20,بعد از اینکه سفارشم ثبت نهایی شد ، چه زمانی میتوانم آن را تحویل بگیرم؟,در صورتی که دریکی از شهرهای اکسپرس هستید ، طی ثبت سفارش ، ما به شما امکان انتخاب بازه های زمانی را میدهیم و طبق بازه زمانی انتخابی کالا تحویل شما میشود.در غیر اینصورت سفارش شما از طریق پست و باربری طی 4 روز کاری تحویل شما میشود.,پیگیری ارسال سفارش
21,سفارشاتی که از طریق پست پیشتاز ارسال می‌شوند را چگونه می‌توان پیگیری کرد؟,در صورتی که منتظر دریافت سفارش خود از طریق پست هستید، می‌توانید مرسوله را از طریق سایت شرکت پست به آدرس زیر پیگیری کنید,پیگیری ارسال سفارش
22,چطور میتوانم به اطلاعات خریدهای قبلی خود دسترسی پیدا کنم؟,"ابتدا وارد پروفایل خود شوید. روی گزینه ی ""سفارشات من"" کلیک کنید. میتوانید در این قسمت سوابق سفارشات خود را ملاحظه فرمایید",پیگیری ارسال سفارش
23,چطور میتوانم با شما تماس بگیرم؟,کاربر گرامی، لطفاً در صورت وجود هرگونه سوال یا ابهامی، پیش از ارسال ایمیل یا تماس تلفنی با دیجی‌کالا، بخش پرسش‏های متداول را ملاحظه فرمایید و در صورتی که پاسخ خود را نیافتید، با ما تماس بگیرید.,پیگیری ارسال سفارش
24,چطور می‌توانم سفارشم را پیگیری کنم؟,وارد سایت دیجی‌کالا شوید. روی گزینه سفارش‌های من کلیک کنید. در این قسمت با کلیک روی جزییات می‌توانید سفارش خود را ببینید. می‌توانید در این قسمت روند آماده‌سازی و مراحل ارسال سفارش خود را پیگیری کنید.,پیگیری ارسال سفارش
25,چطور میتوانم پس از ثبت سفارش آدرس تحویل سفارش را ویرایش کنم؟,شما میتوانید با مراجعه به پروفایل، آدرس یا بازه تحویل سفارش خود را تغییر دهید.,پیگیری ارسال سفارش
26,چطور میتوانم سفارشم را لغو کنم ؟,شما میتوانید با مراجعه به پروفایل خود سفارش یا مرسوله ایی که از ارسال آن منصرف شدید را لغو نمایید. میتوانید برای مشاهده روند لغو سفارش به توضیحات تکمیلی مراجعه کنید,پیگیری ارسال سفارش
27,در صورت بروز تاخیر در تامین کالا چطور اطلاع رسانی صورت میگیرد؟,در صورتی که تا تاریخ انتخابی شما برای ارسال ،کالا آماده ارسال نشود، صبح همان روز پیامکی برای شما جهت اطلاع رسانی تاخیر تحویل سفارش ارسال می شود.,پیگیری ارسال سفارش
28,بازه ارسال فرا رسیده ولی سفارش در مرکز حضوری نمیباشد چه باید کرد ؟,جهت پیگیری با  دیجی کالا وارد صفحه تماس با ما شوید و از طریق کانال های ارتباطی مشکل را اعلام کنید،همکاران ما مشکل را بررسی و از طریق تماس یا پیامک نتیجه را به شما در کوتاه ترین زمان ممکن اعلام خواهند کرد.,پیگیری ارسال سفارش
29,اگر کالایی که خریدم در حمل و نقل آسیب ببیند چگونه از خدمات پس از فروش استفاده کنم؟,آسیب‏‏ دیدگی باید حداکثر طی 7 روز پس از دریافت کالا، به خدمات پس از فروش دیجی‌کالا اطلاع داده شود.,بازگرداندن کالا
30,روش صحیح بسته بندی کالای مرجوعی به چه صورت است؟,رعایت مواردی که در توضیحات تکمیلی درج شده  در روش بسته بندی کالای مرجوعی الزامی است:,بازگرداندن کالا
31,کالایی که از دیجی کالا خریده ام، پس از یک هفته از تحویل کالا، خراب شده و نیاز به استفاده از گارانتی دارم، چطور می توانم از گارانتی استفاده کنم؟,دیجی کالا تا 7 روز از تاریخ تحویل کالا به شما، عودت کالا را بر عهده دارد. در صورتی که پس از این مدت کالای شما دچار نقص شود، در صورتی که تحت پوشش گارانتی باشد، می توانید برای رفع عیب به شرکت گارانتی کننده مراجعه نمائید.,بازگرداندن کالا
32,تا چند روز مهلت دارم محصول خریداری شده ی خود را مرجوع کنم؟,مشتریان عادی تا 7 روز و مشتریان دیجی پلاس تا 30 روز پس از تحویل کالا، می توانند با مراجعه به حساب کاربری خود درخواست مرجوعی را ثبت کنند.,بازگرداندن کالا
33,چطور میتوانم با گارانتی مدنظر خود تماس بگیرم؟,شما میتوانید از لیست ، شماره گارانتی مورد نظر خود را بیابید.,بازگرداندن کالا
34,آیا میتوانم کارت هدیه را مرجوع کنم؟,خیر، امکان مرجوع نمودن کارت هدیه وجود ندارد.,بازگرداندن کالا
35,چطور گوشی جدید خود را فعال ( رجیستر ) کنم؟,هر دستگاه نیازمند فعالسازی، باید از طریق سامانه همتا با واردکردن شناسه (IMEI)، شماره سیم کارت و کد فعال سازی، برای سیم کارت مورد نظر فعال سازی شود,بازگرداندن کالا
36,در صورتی که من در یکی از شهرهای اکسپرس نباشم ، چطور میتوانم کالای خود را برای شما ارسال کنم ؟,میتوانید کالای خود را با پست برای ما ارسال نمایید. هزینه پست پیشتاز با  ارائه فاکتور و قبض شرکت پست پس از تایید خدمات پس از فروش به حساب شما واریز می‌شود.,بازگرداندن کالا
37,به کارت هدیه خود دسترسی ندارم ، چطور میتوانم از باقیمانده موجودی آن استفاده کنم ؟,پس از کنسل یا مرجوع سفارش ، کارت هدیه شارژ میشود و امکان استفاده  مجدد در پروفایل شما وجود دارد .,بازگرداندن کالا
38,فرشی که خریداری کردم اگر ایراد ظاهری و یا مغایرت با سایت داشته باشد میتوانم برگردانم؟,بله ، شما در همان روز تحویل کالا ، در صورتی که فرش در شرایط اولیه باشد میتوانید کالا را مرجوع کنید.,بازگرداندن کالا
39,چطور میتوانم برای خرید کارت هدیه فاکتور دریافت کنم؟,امکان صدور فاکتور برای کارت هدیه میسر نیست.,کد تخفیف و کارت هدیه
40,به کارت هدیه خود دسترسی ندارم ، چطور میتوانم از باقیمانده موجودی آن استفاده کنم ؟,پس از کنسل یا مرجوع سفارش ، کارت هدیه شارژ میشود و امکان استفاده  مجدد در پروفایل شما وجود دارد .,کد تخفیف و کارت هدیه
41,آیا میتوانم کارت هدیه خود را مرجوع کنم؟,کارت هدیه خریداری شده امکان مرجوعی ندارد.,کد تخفیف و کارت هدیه
42,چطور کارت هدیه خود را در پروفایل ثبت کنم ؟,به حساب کاربری خود وارد شوید. به قسمت کارت های هدیه مراجعه و روی گزینه افزودن کارت هدیه کلیک نمایید ,کد تخفیف و کارت هدیه
43,شرایط استفاده از کد تخفیف اولین خرید چیست؟,سیستم هوشمند دیجی کالا، پس از بررسی حساب کاربری در صورتی که مالک آن مشتری جدید دیجی کالا باشد...,کد تخفیف و کارت هدیه
44,اگر کالای خود را به هردلیلی مرجوع کنم چه اتفاقی برای مبلغ کارت هدیه میافتد؟,کارت هدیه شما به میزان مبلغی که در سفارش از کارت هدیه پرداخت نموده اید ، مجدد شارژ میشود.میتوانید از باقی مانده کارت هدیه در خرید های بعد خود استفاده نمایید .,کد تخفیف و کارت هدیه
45,چطور میتوانم کد تخفیف دریافت کنم؟,دیجی کالا در مناسبتهای مختلف و با برگزاری جشنواره فروش ویژه تعدادی کد تخفیف از طریق پیامک ، ایمیل و شبکه های اجتماعی در اختیار مشتریان قرار میدهد.,کد تخفیف و کارت هدیه
46,چطور از کارت هدیه خود استفاده کنم؟,دیجی کالا در مناسبتهای مختلف و با برگزاری جشنواره فروش ویژه تعدادی کد تخفیف از طریق پیامک ، ایمیل و شبکه های اجتماعی در اختیار مشتریان قرار میدهد.,کد تخفیف و کارت هدیه
47,چطور از کارت هدیه خود استفاده کنم؟,به حساب کاربری خود وارد شوید. کالاهای مدنظر خود را به سبد خرید اضافه کنید. در مرحله پرداخت سریال کارت هدیه را وارد نموده و دکمه ثبت را بزنید.,کد تخفیف و کارت هدیه
48,در صورتی که کارت هدیه مفقود یا دزدیده شود ، چطور میتوانم این مورد را پیگیری کنم؟,در صورت سرقت یا مفقودی کارت هدیه دیجی کالا، مسئولیت آن با دارنده ی کارت هدیه می باشد و دیجی کالا در این خصوص هیچ مسئولیتی ندارد.,کد تخفیف و کارت هدیه
49,آیا امکان بازگشت گل طبیعی وجود دارد؟,در هنگام تحویل کالا توسط مامور ارسال، میبایستی سفارش را به صورت کامل (از لحاظ مغایرت و یا هرگونه ایراد ظاهری) بررسی نمائید. پس از تحویل، امکان بازگشت وجود ندارد.,سوپرمارکت
50,شرایط خرید و بازگرداندن کالا برای کالاهای سوپر مارکتی چگونه است؟,لطفاً پیش از خرید، موارد زیر را به‌دقت بخوانید؛ زیرا ثبت هر سفارش در دیجی‌کالا به معنی موافقت با شرایط زیر است.,سوپرمارکت
51,در چه شرایطی میتوانم کالای ارسال سریع ( سوپرمارکتی ) خود را مرجوع نمایم ؟,در شرایطی که ایراد کالا درب منزل قابل تشخیص نباشد ، شما میتوانید طی 7 روز (قبل از سپری شدن تاریخ انقضاء کالا ) از طریق تلفن ، صفحه تماس با ما و یا از پروفایل خود درخواست مرجوع شدن کالا را مطرح و کالای خود را مرجوع نمایید.,سوپرمارکت
52,در صورتی که امکان تحویل کالا در بازه یا آدرس انتخابی من امکانپذیر نباشد چه اتفاقی میافتد؟,در صورتی که ما امکان تحویل سفارش در بازه یا آدرس انتخابی شما را نداشته باشیم ، با شما تماس گرفته و زمان یا آدرس جدیدی جهت تحویل سفارش با شما هماهنگ و سفارش را برای شما ارسال خواهیم نمود.,سوپرمارکت
53,چه زمانی میتوانم کالای خود را تحویل بگیرم؟,سفارش شما براساس روز و زمانی که هنگام ثبت سفارش انتخاب می‌کنید، برای شما ارسال خواهد شد.,سوپرمارکت
54,در صورتی که کالای ارسال شده آسیب ظاهری دیده باشد امکان مرجوع نمودن آن را دارم ؟,لطفا هنگام تحویل توسط مامور ارسال، اقلام سفارش خود را به دقت بررسی نمایید. تغییر یا لغو سفارش به دلیل ایرادهای ظاهری و قابل تشخیص در زمان تحویل کالا بعد از تحویل سفارش به هیچ وجه امکان پذیر نمی باشد.,سوپرمارکت
55,اگر در بازه زمانی انتخابی، در محل برای دریافت کالا حضور نداشته باشم، آیا امکان ارسال مجدد توسط دیجی کالا وجود دارد ؟,در صورت امکان هماهنگی لازم جهت ارسال مجدد صورت میگیرد. در صورتی که امکان ارسال مجدد وجود نداشته باشد(مانند کالاهای فاسد شدنی)، سفارش لغو و در صورتی که سفارش پرداخت شده باشد ، مبلغ به شماره کارت مندرج در پروفایل شما مرجوع خواهد شد.,سوپرمارکت
56,چطور میتوانم سفارش کالای سوپر مارکتی خود را پس از تحویل مرجوع کنم ؟,مرجوع نمودن سلیقه ای اقلام سوپرمارکتی بعد از تحویل سفارش بدلیل آسیب پذیر بودن ، امکان فساد کالا ، سپری شدن تاریخ انقضاء و مسائل بهداشتی امکان‌پذیر نمی باشد.,سوپرمارکت
57,آیا کالاهای سوپر مارکتی در سرتاسر ایران ارسال میشود؟,تمام کالاهای سوپر مارکتی ارسال خواهد شد بجز کالاهایی فاسد شدنی که نیاز به سیستم سرمایش جهت حمل دارند مانند; لبنیات مواد غذایی پروتئینی(گوشت و مرغ) میوه و سبزیجات,سوپرمارکت
58,چگونه میتوانم کالایی که از مرکز فروشندگان خریداری نمودم را مرجوع کنم ؟,شما میتوانید از راههای زیر درخواست مرجوعی خود را اعلام نمایید.,تعهد به شفافیت
59,در صورتی که امکان تامین کالای خریداری شده از مرکز فروشندگان مقدور نباشد چه اتفاقی برای آن سفارش خواهد افتاد؟,در صورتیکه فروشنده قادر به تامین سفارش خود نباشد، آن سفارش لغو شده و این مورد در عملکرد فروشندگان لحاظ خواهد شد، همچنین عدم تامین کالا از طریق پیامک به شما اطلاع رسانی می شود.,تعهد به شفافیت
60,آیا شخصیت های حقیقی هم میتوانند درسایت دیجی کالا فروشنده باشند ؟,بله.کلیه افراد حقیقی که مجوزهای قانونی لازم برای تولید، واردات یا فروش کالاهای مجاز در کشور را دارند می توانند با ارائه ی کد ملی و رعایت ضوابط دیجی‌کالا به صورت فروشنده در دیجی‌کالا فعالیت کنند.,تعهد به شفافیت
61,چگونه میتوانم از کیفیت خدمات و کالاهای فروشندگان در یک کالای یکسان اطلاع پیدا کنم؟,یکی از راههای سنجش کیفیت کالا و خدمات فروشندگان توجه به نوع فروشنده (برگزیده -رسمی) ، نظر و درصد رضایتمندی مشتریان از خرید کالاها میباشد.,تعهد به شفافیت
62,چطور یک شخصیت حقیقی یا حقوقی میتواند در دیجی کالا ، کالای خود را بفروش رساند؟,"""شما میتوانید با ثبت نام در سایت دیجی کالا فروشنده کالای خود باشید. برای این منظور در صورتی که شما فروشنده حقیقی هستید، ثبت کد ملی و در صورتی که فروشنده حقوقی هستید ثبت کد اقتصادی الزامی میباشد.""",تعهد به شفافیت
63,برای فروشنده شدن در دیجی کالا باید چه مراحلی را طی کنم ؟,پس از طی مراحل ثبت نام در سایت و ارسال مدارک ، مدارک شما بررسی و با شما تماس گرفته میشود. طی یک مذاکره بین شما و دیجی کالا یک قرار داد تنظیم خواهد شد.,تعهد به شفافیت
64,ضوابط و قوانین همکاری با دیجی کالا برای فروش چیست؟,مشتری مداری در راس ارزش‌های سازمانی‏ دیجی‌کالا قرار دارد و از آنجا که خریداران نه تنها مشتری دیجی‌کالا بلکه مشتری تمام فروشندگان هستند، جلب رضایت آنها باید اولین و بالاترین اولویت همه‌ی ما باشد.,تعهد به شفافیت
65,چه ضوابطی برای قیمت گذاری کالاهایی که توسط مرکز فروشندگان در سایت شما بفروش میرسد در نظر گرفته شده است ؟,امکان فروش کالاها با قیمتی بالاتر از قیمت مصوب و یا قیمت درج شده (برای کالاهای دارای قیمت مصوب)، برای فروشندگان وجود ندارد,تعهد به شفافیت
66,آیا در صورتی که قیمت کالای مرکز فروشندگان بالاتر از قیمت فروشگاه دیگر باشد امکان بررسی وجود دارد ؟,خیر - امکان بررسی قیمت برای کالاها مرکز فروشندگان وجود ندارد.,تعهد به شفافیت
67,آیا کالاهای مربوط به سایر فروشندگان بصورت شگفت انگیز و فروش ویژه هم بفروش میرسند؟,بله . کالاهای سایر فروشندگان نیز مانند کالاهای دیجی کالا بصورت فروش ویژه و شگفت انگیز بفروش میرسند.,تعهد به شفافیت
68,کالاهایی که از مرکز فروشندگان بفروش میرسد به چه روشی ارسال میشود؟,نحوه ی ارسال سفارشات با توجه به ماهیت کالا و آدرس محل تحویل در حین ثبت سفارش مشخص می شود.,تعهد به شفافیت
69,پرداخت کردم اما پس از استعلام مجدد همچنان به من بدهی نشان داده می شود. مشکل چیست؟,در هر استعلام، بدهی پرداخت شده حذف میشود. در صورتی که بدهی پرداخت شده همچنان در استعلام نشان داده میشود، با پشتیبانی تماس گرفته شود.,دیجی‌پی
70,آیا پرداخت با دیجی پی امن است؟,بله. دیجی پی توسط نهادهای نظارت بر پرداخت همچون شاپرک مانیتور و کنترل می شود.,دیجی‌پی
71,چگونه برای کیف پول خود رمز عبور تعیین کنم؟,برای تعیین رمز عبور برای کیف پول خود کافیست اپلیکیشن دیجی پی را نصب کنید و از منوی تنظیمات اپلیکیشن برای کیف پول خود رمز عبور تعیین کنید. ,دیجی‌پی
72,کدام مدل از گوشی های آیفون دیجی پی را پشتیبانی می کنند؟,اپلیکیشن دیجی پی بر روی تمامی گوشی های آیفون نصب می شه و می توانید از امکانات آن استفاده کنید.,دیجی‌پی
73,پس از تایید مدارک خرید اقساط ( اعتباری ) دیجی پی، به چه شکل چک را تحویل دهم؟,پس از آپلود تمامی مدارک اعلام شده و تایید از سمت واحد عملیات دیجی پی،هماهنگی های لازم برای تحویل چک از کاربر انجام میشود.,دیجی‌پی
74,پرداخت درون برنامه ای دیجی‌پی چیست؟,با انتخاب درگاه پرداخت دیجی پی در زمان خرید از وب سایت دیجی کالا همیشه خریدی موفق خواهید داشت. درگاه پرداخت دیجی پی بصورت هوشمندانه و در لحظه درگاه پرداختی ایمن و فعال را برای شما انتخاب می کند و به شما این اطمینان را می دهد که پرداختی موفق خواهید داشت.,دیجی‌پی
75,آیا با “دیجی پی” امکان خرید همزمان اعتباری و نقدی وجود دارد؟,بله، به هنگام انتخاب درگاه پرداخت اعتباری مبلغ مابه التفاوت را به همراه پیش پرداخت به صورت آنلاین میتوانید پرداخت کنید.,دیجی‌پی
76,چگونه پول موجود در کیف پول خود را به کارت بانکی برگردانم؟,در مواقعی که کالایی رو مرجوع می کنید یا سفارشی را لغو می کنید، آن مبالغ مستقیم و با سرعت بیشتری نسبت به تراکنش‌های بانکی به کیف پول شما برمیگردد تا دسترسی راحت‌تری برای خریدهای دوباره داشته باشید.,دیجی‌پی
77,"تراکنش پرداخت بدهی من در ""دیجی پی"" ناموفق بوده ولی از حساب من پول کسر شده",معمولا در اینگونه موارد طی ۷۲ ساعت پول برداشت شده به حساب شما برگشت خواهد خورد. درصورتیکه مبلغ به حسابتان برگشت نخورد، اطلاعات تراکنش را در اختیار پشتیبانی قرار دهید تا پیگیری کنیم.,دیجی‌پی
78,کدام مدل از گوشی های اندرویدی اپلیکیشن دیجی پی را پشتیبانی می کنند؟,اپلیکیشن دیجی پی بر روی تمامی گوشی های اندرویدی با نسخه اندروید بالاتر از ۴ قابل نصب و استفاده می باشد. برای دیدن نسخه اندروید گوشی خود به تنظیمات گوشی خود مراجعه کنید.,دیجی‌پی
79,چطور میتوانم در دیجی کالا دیدگاه جدید ، عکس و فیلم برای کالای خریداری شده ثبت کنم؟,"با ورود به صفحه ""سفارش های من و  انتخاب گزینه ی  ""جزییات"" سفارش مورد نظر را انتخاب کنید و سپس با زدن گزینه ی""ثبت نظر"" نظر خود را ثبت کنید. توجه کنید فقط در صورت ثبت نظر برای کالای خریداری شده و در صورت تایید آن به شما امتیاز تعلق میگیرد",دیجی‌کلاب
80,جهت عضویت در دیجی‌کلاب، چه اقدامی باید بکنم؟,برای عضویت در دیجی‌کلاب هیچ اقدامی نیاز نیست و به محض ساخت حساب کاربری در دیجی‌کالا، شما عضو باشگاه مشتریان دیجی‌کالا (دیجی‌کلاب) نیز خواهید شد.,دیجی‌کلاب
81,چطور میتوانم امتیاز خود را خرج کنم؟,پس از ورود به صفحه‌ دیجی‌کلاب، به قسمت جوایز بروید تا پیشنهاد‌های متنوع دیجی‌کلاب را ببینید.در این قسمت می‌توانید امتیاز خود را برای استفاده از پیشنهادهای مختلف خرج کنید. ,دیجی‌کلاب
82,شرایط کسب امتیاز از طریق ثبت نظر چیست؟,شما می توانید پس از دریافت سفارش، نظر خود را در رابطه با محصول خریداری شده در دیجی کالا بنویسید. پس از تایید نظر شما توسط کارشناسان دیجی کالا، امتیاز برای شما ثبت می‌شود.تا قبل از تایید نظر امتیاز شما در قسمت تاریخچه بخش امتیازات در صف نمایش داده میشود.,دیجی‌کلاب
83,نحوه‌ی کسب امتیاز در حساب کاربری سازمانی (اطلاعات حقوقی)، چگونه است؟,دیجی‌کلاب در حال حاضر تنها متعلق به اشخاص حقیقی است و حساب‌های کاربری حقوقی امکان استفاده از دیجی‌کلاب ندارند.,دیجی‌کلاب
84,تاریخ اعتبار امتیازهای کسب شده تا چه زمانی است؟,کلیه امتیازهای کسب شده در هر سال تا پایان سال بعد معتبر هستند. بطور مثال امتیازهایی که در سال 1398 کسب می‌کنید، تا پایان سال 1399 معتبر هستند و پس از آن منقضی می‌شوند.,دیجی‌کلاب
85,آیا می‌توانم امتیازها را به پول تبدیل کنم؟,امتیازهای شما صرفا جهت استفاده از پیشنهادات دیجی‌کلاب هستند و امکان نقد شدن ندارند.,دیجی‌کلاب
86,از دیجی‌کلاب کد تخفیف دیجی کالا گرفته‌ام و آن را به دوستم هدیه داده‌ام، ولی او امکان استفاده ندارد، علت چیست؟, کد تخفیف دیجی‌کالا که از دیجی‌کلاب دریافت کرده‌اید به جهت امنیت بیشتر فقط در حساب کاربری دیجی‌کلاب خود شما قابل استفاده است.,دیجی‌کلاب
87,یکی از جوایز دیجی‌کلاب را انتخاب کردم، ولی حالا نظرم عوض شده است، چگونه می‌توانم جایزه را پس بدهم و امتیازم را برگردانم؟,امتیاز خرج شده و جایزه‌ی دریافت شده از دیجی‌کلاب قابل بازگشت نیست. ولی اگر از بین کالاهای پیشنهادی در دیجی‌کلاب خرید کنید، در صورت معیوب بودن کالا می‌توانید آن را با یک کالای سالم تعویض کنید.,دیجی‌کلاب
88,آیا برای خریدهای سال‌های گذشته هم امتیاز دریافت می‌کنم؟,"شما به محض ساخت حساب کاربری در دیجی‌کالا، عضو باشگاه مشتریان دیجی‌کالا (دیجی‌کلاب) نیز خواهید شد و پس از آن بعد از انجام هر ماموریت دیجی‌کلابی قابلیت دریافت امتیاز را خواهید داشت. توجه کنید چنانچه ماموریتی در دیجی‌‎کلاب موفقیت‌آمیز انجام شود، دریافت امتیاز آن مستلزم انتخاب دکمه‌ی ""دریافت امتیاز"" می‌باشد. ",دیجی‌کلاب
89,در صورت ادغام حساب‌های کاربری، اشتراک دیجی‌پلاس من حذف می‌شود؟,فقط اشتراک‌های خریداری‌ شده و پرداخت‌ شده، قابل‌ انتقال هستند. اگر اشتراک شما هدیه دیجی‌‌کالاست یا با کد تخفیف ۱۰۰ درصدی تهیه شده، قابل انتقال به حساب جدید نیست و در صورت ادغام حساب‌ها، اشتراک حذف می‌شود,دیجی‌پلاس
90,مهلت ۳۰ روزه رویه بازگشت کالا از چه زمانی شروع می‌شود؟,شما با عضویت در دیجی‌پلاس می‌توانید، از زمان دریافت سفارش تا ۳۰ روز، برای بازگرداندن سفارش‌تان اقدام کنید.,دیجی‌پلاس
91,هزینه و تمدید عضویت در دیجی پلاس به چه صورت است؟,"هزینه عضویت دیجی‌پلاس را می‌توانید در قسمت ""مشاهده اشتراک های دیجی پلاس""  مشاهده کنید. برای عضویت در دیجی‌پلاس، برنامه‌های متفاوتی وجود دارد. هزینه عضویت دیجی‌پلاس قابل استرداد نیست. امکان انصراف از دیجی‌پلاس -پیش از پایان مدت اشتراک- وجود ندارد.",دیجی‌پلاس
92,تمدید خودکار چیست؟,«تمدید خودکار» امکان جدید دیجی‌پلاس است که اشتراک شما را هرماه به صورت خودکار تمدید می‌کند.,دیجی‌پلاس
93,دیجی‌پلاس چیست؟,دیجی‌پلاس یک سرویس اشتراک ماهیانه است که شما با پرداخت حق عضویت آن، به مجموعه‌ای از خدمات منحصربه‌ فرد دسترسی پیدا می‌کنید: ارسال رایگان برای میلیون‌ها کالا، پرداخت هدیه نقدی پس از مهلت بازگشت کالا، بازگشت کالا با مهلت 30 روزه، دسترسی و امکان خرید پیشنهادات شگفت انگیز یک ساعت زودتر از سایر کاربران,دیجی‌پلاس
94,هدیه نقدی چه موقع به حساب من واریز می‌شود ؟,شما به عنوان عضو دیجی‌پلاس، بخشی از مبلغ کالاهایی که خریده‌اید تحت عنوان «هدیه نقدی» به کیف پول‌تان باز می‌گردد.,دیجی‌پلاس
95,هدیه نقدی به خرید چه کالاهایی مربوط می‌شود ؟,"هدیه نقدی به کالاهایی تعلق می‌گیرد که در وب‌سایت دارای نشان دیجی‌پلاس هستند. برای دسترسی به این کالاها، می‌توانید علاوه بر ملاحظه نشان این کالاها از امکان فیلترکردن ""فقط کالا‌های دیجی‌پلاس"" در وب‌سایت نیز استفاده کنید.",دیجی‌پلاس
96,درصورت فعال‌نشدن کیف پول، می‌بایست چه کار کنم؟,اگر برای فعال‌سازی کیف پول به مشکل برخوردید، با شماره پشتیبانی  61930000-021 تماس بگیرید تا در سریع‌ترین زمان ممکن آن را برطرف کنیم.,دیجی‌پلاس
97,چطور می‌توانم از عضویت در دیجی پلاس انصراف بدهم؟,دیجی‌پلاس یک سرویس مدت‌دار است و امکان انصراف از آن -پیش از پایان مدت اشتراک- وجود ندارد. پس از تمام شدن مدت‌زمان آن، اشتراک‌تان به طور خودکار لغو می‌شود.,دیجی‌پلاس
98,مزیت تمدید خودکار برای من چیست؟,با تمدید خودکار دیگر نیازی نیست برای تمدید اشتراک، هرماه به دیجی‌پلاس سر بزنید. تا پایان قرارداد اشتراک دیجی‌پلاس شما هرماه به صورت خودکار تمدید می‌شود.,دیجی‌پلاس
